,model,sequence
0,neural,intind
1,neural,tric
2,neural,ouggiond
3,neural,oung
4,neural,ous
5,neural,ond
6,neural,immindestion
7,neural,arsened
8,neural,allys
9,neural,ithileat
10,neural,wanced
11,neural,isho
12,neural,moulden
13,neural,oughte
14,neural,ong
15,neural,arendse
16,neural,wommoread
17,neural,idinewid
18,neural,whime
19,neural,whymbid
20,neural,thenery
21,neural,taird
22,neural,anchimmighalignere
23,neural,ousen
24,neural,ined
25,neural,olies
26,neural,starsomess
27,neural,trie
28,neural,ormon
29,neural,oullow
30,neural,maggithentonsiceste
31,neural,ofticest
32,neural,tento
33,neural,iding
34,neural,indsened
35,neural,oularsteligers
36,neural,ardia
37,neural,dropoks
38,neural,tathom
39,neural,orme
40,neural,shends
41,neural,satente
42,neural,thang
43,neural,onstineditsee
44,neural,tracto
45,neural,heners
46,neural,whis
47,neural,tattlis
48,neural,ol
49,neural,orterys
50,neural,asichosenchatines
51,neural,hillity
52,neural,somposicame
53,neural,ang
54,neural,diattened
55,neural,towaredits
56,neural,mes
57,neural,stillencencindingly
58,neural,sarthinglenese
59,neural,dric
60,neural,orende
61,neural,ormed
62,neural,otherstichan
63,neural,arsent
64,neural,withantiolis
65,neural,antself
66,neural,olend
67,neural,whersed
68,neural,trome
69,neural,tanglis
70,neural,triesen
71,neural,soled
72,neural,ity
73,neural,mit
74,neural,aliginewiscit
75,neural,ith
76,neural,womad
77,neural,whichimmarth
78,neural,ited
79,neural,ef
80,neural,tenchol
81,neural,wastiour
82,neural,ine
83,neural,ofelf
84,neural,telliginglasentoomenciode
85,neural,alse
86,neural,tersed
87,neural,isel
88,neural,oungly
89,neural,thicies
90,neural,tord
91,neural,isened
92,neural,oterys
93,neural,ity
94,neural,tre
95,neural,foursellintelf
96,neural,hosic
97,neural,trum
98,neural,stattals
99,neural,inery
100,neural,ithicionds
101,neural,tediscread
102,neural,intic
103,neural,ints
104,neural,ol
105,neural,arte
106,neural,wonds
107,neural,inds
108,neural,trantimed
109,neural,tanct
110,neural,denest
111,neural,arendistaild
112,neural,oughted
113,neural,onstiless
114,neural,extly
115,neural,himend
116,neural,myster
117,neural,offars
118,neural,trestimpangs
119,neural,oned
120,neural,isced
121,neural,ityeassithe
122,neural,shostimpatiolies
123,neural,alindides
124,neural,med
125,neural,tooned
126,neural,thicatindishalsondiate
127,neural,astiol
128,neural,ord
129,neural,browarthostend
130,neural,thishollow
131,neural,ounto
132,neural,hossel
133,neural,thed
134,neural,minde
135,neural,wyiessone
136,neural,tenticiougcompecese
137,neural,tant
138,neural,towar
139,neural,wasened
140,neural,olithowe
141,neural,wonessiciend
142,neural,tric
143,neural,ol
144,neural,onds
145,neural,angselfoulan
146,neural,himaded
147,neural,eflardiater
148,neural,olentiortattoneway
149,neural,sel
150,neural,oullistrunticent
151,neural,itedither
152,neural,welysit
153,neural,itents
154,neural,mithembsompere
155,neural,watholiends
156,neural,inewery
157,neural,handstaid
158,neural,elinto
159,neural,stan
160,neural,seestalite
161,neural,trusidindiselled
162,neural,bants
163,neural,atimmend
164,neural,tathic
165,neural,sely
166,neural,ortang
167,neural,wers
168,neural,bys
169,neural,telit
170,neural,cliscoul
171,neural,ity
172,neural,astersoleasin
173,neural,wormaren
174,neural,ther
175,neural,taid
176,neural,offante
177,neural,welintill
178,neural,onew
179,neural,ourithal
180,neural,orted
181,neural,telfourighosicatelf
182,neural,mishe
183,neural,onglenterear
184,neural,wour
185,neural,widdainewelf
186,neural,oreased
187,neural,books
188,neural,arthime
189,neural,whavionse
190,neural,talme
191,neural,ang
192,neural,ollond
193,neural,im
194,neural,im
195,neural,ondity
196,neural,ole
197,neural,womeners
198,neural,astindiscroners
199,neural,iddiattedid
200,neural,wididdiathossionge
201,neural,trigited
202,neural,otild
203,neural,ordedialmoss
204,neural,migenten
205,neural,weediddenctormournicined
206,neural,toored
207,neural,trie
208,neural,mosom
209,neural,orte
210,neural,ol
211,neural,widdastard
212,neural,ifeem
213,neural,thol
214,neural,ormitent
215,neural,angledisciendits
216,neural,ortang
217,neural,artelf
218,neural,hustall
219,neural,ol
220,neural,moulds
221,neural,ithim
222,neural,camighostencon
223,neural,toons
224,neural,hinews
225,neural,mithe
226,neural,soun
227,neural,almithem
228,neural,ancia
229,neural,hadd
230,neural,iner
231,neural,mossings
232,neural,wides
233,neural,olise
234,neural,almareare
235,neural,sournestrowelf
236,neural,huself
237,neural,mit
238,neural,ous
239,neural,iscren
240,neural,widdlistred
241,neural,antoonewedid
242,neural,allignes
243,neural,asicamons
244,neural,thatiodinder
245,neural,tongerencove
246,neural,ole
247,neural,thavoing
248,neural,torth
249,neural,thatent
250,neural,mitelysid
251,neural,fandedin
252,neural,anct
253,neural,aself
254,neural,asely
255,neural,thavoic
256,neural,taing
257,neural,ithicalliscant
258,neural,ants
259,neural,anchant
260,neural,movoin
261,neural,alintilielloome
262,neural,intin
263,neural,alm
264,neural,asicen
265,neural,wores
266,neural,ity
267,neural,talsolight
268,neural,whow
269,neural,elly
270,neural,ormandis
271,neural,wel
272,neural,saineway
273,neural,antelliel
274,neural,ine
275,neural,dre
276,neural,wantond
277,neural,wormov
278,neural,oleasice
279,neural,shic
280,neural,alm
281,neural,wholite
282,neural,oures
283,neural,ofeed
284,neural,ants
285,neural,sounds
286,neural,ited
287,neural,tallend
288,neural,shoss
289,neural,ters
290,neural,thery
291,neural,himestalmiger
292,neural,inds
293,neural,oug
294,neural,aseed
295,neural,thedistalmang
296,neural,orm
297,neural,ousences
298,neural,evooddenten
299,neural,iner
300,neural,dromaim
301,neural,whind
302,neural,stery
303,neural,ord
304,neural,wassiditel
305,neural,sarted
306,neural,magatel
307,neural,wom
308,neural,trued
309,neural,frithed
310,neural,weem
311,neural,widden
312,neural,whimadend
313,neural,tenctoom
314,neural,imencte
315,neural,hang
316,neural,angstiode
317,neural,ongstrow
318,neural,impok
319,neural,coverentownsen
320,neural,anglow
321,neural,havings
322,neural,himes
323,neural,ol
324,neural,toons
325,neural,oul
326,neural,andiscry
327,neural,tatind
328,neural,artichow
329,neural,ishow
330,neural,itery
331,neural,mysin
332,neural,myme
333,neural,ount
334,neural,ars
335,neural,weends
336,neural,trunded
337,neural,ongly
338,neural,tattentiolied
339,neural,tel
340,neural,whosomenctely
341,neural,shistal
342,neural,anglys
343,neural,selis
344,neural,whed
345,neural,torm
346,neural,wil
347,neural,orme
348,neural,satil
349,neural,seenew
350,neural,clumenery
351,neural,womediter
352,neural,alied
353,neural,wastim
354,neural,ord
355,neural,oulting
356,neural,whys
357,neural,wheressen
358,neural,ougcancioredid
359,neural,oliscry
360,neural,stracendia
361,neural,whow
362,neural,tattan
363,neural,ares
364,neural,assoned
365,neural,ityess
366,neural,ityed
367,neural,ond
368,neural,ingen
369,neural,womposeend
370,neural,ise
371,neural,thices
372,neural,im
373,neural,wholits
374,neural,ishosell
375,neural,seessond
376,neural,madencovarst
377,neural,bodid
378,neural,toomaintsid
379,neural,ased
380,neural,torm
381,neural,der
382,neural,ountsid
383,neural,ishence
384,neural,tormadined
385,neural,bachendidides
386,neural,istioder
387,neural,wonesticam
388,neural,tringe
389,neural,asine
390,neural,tonsitsioust
391,neural,woul
392,neural,oug
393,neural,migetice
394,neural,bres
395,neural,waysiold
396,neural,inden
397,neural,ords
398,neural,wondesen
399,neural,ised
400,neural,tenchow
401,neural,ith
402,neural,wanciods
403,neural,shavy
404,neural,boullige
405,neural,husit
406,neural,hed
407,neural,trathomed
408,neural,sed
409,neural,wass
410,neural,whends
411,neural,iscies
412,neural,imed
413,neural,ollovalm
414,neural,orm
415,neural,tormarsenctand
416,neural,ity
417,neural,migivant
418,neural,waymbeffeesee
419,neural,saing
420,neural,seembled
421,neural,bournamits
422,neural,ance
423,neural,telised
424,neural,blestilishown
425,neural,shomaimpoid
426,neural,wordiddlartice
427,neural,mishemes
428,neural,ity
429,neural,butiold
430,neural,tatint
431,neural,wely
432,neural,orm
433,neural,ang
434,neural,thom
435,neural,astaider
436,neural,hadid
437,neural,olenct
438,neural,whowersoust
439,neural,hudglys
440,neural,immadialsted
441,neural,oleadd
442,neural,ounal
443,neural,almar
444,neural,soungsticiar
445,neural,sed
446,neural,iddiarenersom
447,neural,im
448,neural,dia
449,neural,astingen
450,neural,oliscar
451,neural,sawarend
452,neural,faccom
453,neural,frigh
454,neural,hante
455,neural,angs
456,neural,asteredined
457,neural,hemail
458,neural,orm
459,neural,immosidits
460,neural,talit
461,neural,mentery
462,neural,mes
463,neural,asiodend
464,neural,frues
465,neural,wiled
466,neural,hiligne
467,neural,taiddaste
468,neural,woused
469,neural,stendsed
470,neural,wared
471,neural,inds
472,neural,inest
473,neural,wers
474,neural,anconerears
475,neural,alint
476,neural,orte
477,neural,idianch
478,neural,wity
479,neural,soll
480,neural,ormar
481,neural,ifiligendstan
482,neural,whend
483,neural,ter
484,neural,ourigerys
485,neural,asing
486,neural,anctin
487,neural,tre
488,neural,sences
489,neural,tely
490,neural,weemb
491,neural,chimpattlang
492,neural,imaints
493,neural,morener
494,neural,almant
495,neural,whemoust
496,neural,asid
497,neural,olign
498,neural,intious
499,neural,ouged
500,neural,sanchistil
501,neural,showastre
502,neural,thild
503,neural,taird
504,neural,townsid
505,neural,beathends
506,neural,asiollity
507,neural,ang
508,neural,watine
509,neural,whed
510,neural,hushavollystre
511,neural,olishade
512,neural,allinews
513,neural,thild
514,neural,ousherso
515,neural,destran
516,neural,oull
517,neural,strusic
518,neural,asidd
519,neural,wintsichownselie
520,neural,ong
521,neural,diar
522,neural,tated
523,neural,angs
524,neural,mignal
525,neural,havy
526,neural,mostance
527,neural,thichate
528,neural,impeassellity
529,neural,ity
530,neural,holligaimmone
531,neural,tractiligattichavy
532,neural,ands
533,neural,ondese
534,neural,sanglisted
535,neural,whistairs
536,neural,tailds
537,neural,med
538,neural,toren
539,neural,talister
540,neural,wher
541,neural,widdaile
542,neural,onsed
543,neural,bloommairdstattairice
544,neural,sediathe
545,neural,trang
546,neural,sars
547,neural,elistrunte
548,neural,wel
549,neural,wonst
550,neural,tailled
551,neural,istars
552,neural,orends
553,neural,wormormosondene
554,neural,immagan
555,neural,tarthad
556,neural,ande
557,neural,clis
558,neural,ancin
559,neural,talsol
560,neural,weesson
561,neural,als
562,neural,arsell
563,neural,indstars
564,neural,whants
565,neural,hicanglart
566,neural,ite
567,neural,shinersed
568,neural,iman
569,neural,feaded
570,neural,iten
571,neural,olds
572,neural,assiterentenct
573,neural,mesendid
574,neural,offardid
575,neural,womentery
576,neural,arthomprused
577,neural,shangleastiol
578,neural,orm
579,neural,wited
580,neural,senere
581,neural,antowe
582,neural,wances
583,neural,ind
584,neural,holds
585,neural,alstringle
586,neural,hosiding
587,neural,ard
588,neural,seesen
589,neural,ings
590,neural,trentic
591,neural,wancedid
592,neural,mys
593,neural,sompraccamoug
594,neural,ther
595,neural,mined
596,neural,ise
597,neural,ancome
598,neural,wered
599,neural,tellencovil
600,neural,senewer
601,neural,artentic
602,neural,iner
603,neural,tendessing
604,neural,ous
605,neural,wery
606,neural,asendings
607,neural,ind
608,neural,oughavatic
609,neural,tard
610,neural,tendention
611,neural,woresen
612,neural,imped
613,neural,blovind
614,neural,trucculacencied
615,neural,bactim
616,neural,anconds
617,neural,wedidedidder
618,neural,stelfonestars
619,neural,ancompraccurityed
620,neural,iscovals
621,neural,mys
622,neural,inds
623,neural,atelishan
624,neural,im
625,neural,ofer
626,neural,ofece
627,neural,satind
628,neural,tarthimed
629,neural,allocks
630,neural,imair
631,neural,wome
632,neural,ity
633,neural,hatiodid
634,neural,encond
635,neural,im
636,neural,whed
637,neural,impards
638,neural,alings
639,neural,tormagattlarstiored
640,neural,oppecouggencied
641,neural,ter
642,neural,arthembe
643,neural,andsenery
644,neural,ouggaints
645,neural,tioul
646,neural,ol
647,neural,als
648,neural,ity
649,neural,mis
650,neural,wher
651,neural,maimm
652,neural,alstel
653,neural,ormongs
654,neural,ime
655,neural,offollingstronders
656,neural,asitelind
657,neural,ints
658,neural,hosiouged
659,neural,womend
660,neural,trowned
661,neural,okstate
662,neural,troppardiath
663,neural,ift
664,neural,orencentsioul
665,neural,widenced
666,neural,ityeted
667,neural,wardiattanglity
668,neural,sommair
669,neural,oned
670,neural,brign
671,neural,arsencendiar
672,neural,onew
673,neural,ity
674,neural,ang
675,neural,wous
676,neural,trattimpathistent
677,neural,trichossouricior
678,neural,treamed
679,neural,tren
680,neural,ity
681,neural,sened
682,neural,seend
683,neural,antentintowaystrumbloon
684,neural,oun
685,neural,ond
686,neural,onsee
687,neural,ofer
688,neural,thish
689,neural,havo
690,neural,mit
691,neural,orene
692,neural,tooded
693,neural,ancenchalseenchad
694,neural,weligivan
695,neural,tattoomed
696,neural,op
697,neural,chindestalsourichowaystrumbithowees
698,neural,aseneselysencon
699,neural,im
700,neural,tanditse
701,neural,ole
702,neural,tel
703,neural,toommair
704,neural,dragno
705,neural,trouggeter
706,neural,oreade
707,neural,ste
708,neural,som
709,neural,intiolighalmoren
710,neural,taiddity
711,neural,im
712,neural,ormindes
713,neural,wartere
714,neural,tatticatilied
715,neural,cres
716,neural,trowastromaid
717,neural,wonds
718,neural,tritsic
719,neural,oureasicie
720,neural,thinest
721,neural,astend
722,neural,ity
723,neural,itsel
724,neural,arsee
725,neural,danglang
726,neural,fearst
727,neural,antondentices
728,neural,immilliscangs
729,neural,mystione
730,neural,ollindedisenciesel
731,neural,taimagavagididdly
732,neural,tard
733,neural,feemb
734,neural,worthatind
735,neural,shiscrys
736,neural,mancenchowe
737,neural,whalied
738,neural,execticinto
739,neural,ardseed
740,neural,waymb
741,neural,alige
742,neural,oun
743,neural,hushol
744,neural,shiced
745,neural,ot
746,neural,imples
747,neural,whaddasitend
748,neural,magards
749,neural,whishow
750,neural,wormond
751,neural,ity
752,neural,ter
753,neural,truccions
754,neural,monstelf
755,neural,astalse
756,neural,wers
757,neural,ishind
758,neural,ithemairesencind
759,neural,ound
760,neural,encond
761,neural,ongly
762,neural,idind
763,neural,ise
764,neural,ouggodende
765,neural,showass
766,neural,seembste
767,neural,tely
768,neural,imme
769,neural,ofer
770,neural,inged
771,neural,banchatim
772,neural,tair
773,neural,sateryste
774,neural,tongediatic
775,neural,almillysten
776,neural,thilds
777,neural,itho
778,neural,ougce
779,neural,ofts
780,neural,im
781,neural,ith
782,neural,thatilds
783,neural,ouldentord
784,neural,themarthand
785,neural,anglarteryse
786,neural,strush
787,neural,hered
788,neural,arstangs
789,neural,havered
790,neural,blovate
791,neural,onew
792,neural,almov
793,neural,ord
794,neural,alsolintine
795,neural,whichers
796,neural,isellyst
797,neural,wastrands
798,neural,ste
799,neural,inewel
800,neural,tragetelf
801,neural,tarsondintoreaddaysid
802,neural,oned
803,neural,tattedistent
804,neural,tralmovoishin
805,neural,oug
806,neural,orm
807,neural,oled
808,neural,shencingled
809,neural,iscan
810,neural,welf
811,neural,tortalmed
812,neural,ants
813,neural,ortendint
814,neural,ardits
815,neural,atic
816,neural,offered
817,neural,ollit
818,neural,diddligarstimancinews
819,neural,tonge
820,neural,oulds
821,neural,wommis
822,neural,ity
823,neural,mignigh
824,neural,movoleampenewintely
825,neural,hintilen
826,neural,ares
827,neural,hosicenerysithadisciellockself
828,neural,pattorte
829,neural,trit
830,neural,themenct
831,neural,alsonewsely
832,neural,inds
833,neural,indstiol
834,neural,misentic
835,neural,talseentowell
836,neural,assidisell
837,neural,tord
838,neural,ter
839,neural,woug
840,neural,isce
841,neural,weemaimmov
842,neural,tresely
843,neural,thathompaimpastately
844,neural,dring
845,neural,hille
846,neural,ofts
847,neural,iscrysichad
848,neural,ithembints
849,neural,mystelinte
850,neural,sawe
851,neural,ousiced
852,neural,trusioders
853,neural,ounat
854,neural,aseliencedist
855,neural,ityed
856,neural,alloved
857,neural,iten
858,neural,trath
859,neural,wasinewed
860,neural,tonew
861,neural,sed
862,neural,movat
863,neural,mageres
864,neural,bangs
865,neural,tarendestedinews
866,neural,istriced
867,neural,whavarthang
868,neural,brumisholighals
869,neural,anch
870,neural,im
871,neural,wount
872,neural,cratto
873,neural,anton
874,neural,oun
875,neural,oreas
876,neural,onewards
877,neural,shencond
878,neural,tormov
879,neural,ingeted
880,neural,wortailielistrumares
881,neural,expon
882,neural,wasso
883,neural,themov
884,neural,thiled
885,neural,tard
886,neural,theredithe
887,neural,trenes
888,neural,trenews
889,neural,ity
890,neural,monglancin
891,neural,ings
892,neural,expinew
893,neural,oulticars
894,neural,ouge
895,neural,townsent
896,neural,waymosiders
897,neural,oulande
898,neural,taidits
899,neural,ote
900,neural,trouge
901,neural,stathavour
902,neural,ine
903,neural,oulathimenew
904,neural,aselyst
905,neural,camosel
906,neural,droushe
907,neural,cov
908,neural,wanglits
909,neural,attlovedia
910,neural,drielf
911,neural,whomess
912,neural,whymosiollow
913,neural,im
914,neural,itellooreness
915,neural,tring
916,neural,weditse
917,neural,imm
918,neural,bovoultends
919,neural,tileastreamoun
920,neural,asitself
921,neural,mymplitsed
922,neural,ely
923,neural,isciangenche
924,neural,ter
925,neural,thed
926,neural,efficiedit
927,neural,whavoomar
928,neural,ard
929,neural,tre
930,neural,staress
931,neural,ise
932,neural,thend
933,neural,bangstel
934,neural,offaidits
935,neural,exidesely
936,neural,watelighal
937,neural,oned
938,neural,whavelfolit
939,neural,wantse
940,neural,selised
941,neural,aredidinted
942,neural,istrounglonew
943,neural,movar
944,neural,witho
945,neural,alse
946,neural,offaimmistan
947,neural,orthimand
948,neural,discoung
949,neural,oushichancitsed
950,neural,toway
951,neural,tencendessely
952,neural,oun
953,neural,itsiord
954,neural,books
955,neural,blin
956,neural,wom
957,neural,ity
958,neural,inden
959,neural,sed
960,neural,arended
961,neural,ardselys
962,neural,intselint
963,neural,humbichom
964,neural,olie
965,neural,alligho
966,neural,mantord
967,neural,tord
968,neural,tanciarder
969,neural,tractoreatteres
970,neural,wasso
971,neural,hed
972,neural,hicant
973,neural,itedia
974,neural,sollovery
975,neural,isee
976,neural,wery
977,neural,wery
978,neural,whate
979,neural,thossenct
980,neural,holed
981,neural,warthad
982,neural,ishice
983,neural,hurity
984,neural,asits
985,neural,ong
986,neural,bars
987,neural,hume
988,neural,inewinewanto
989,neural,taimploone
990,neural,tatelf
991,neural,whedistilesenery
992,neural,allindselit
993,neural,thinedity
994,neural,hande
995,neural,truelf
996,neural,wasid
997,neural,tanch
998,neural,ity
999,neural,ondsted
1000,neural,telleat
1001,neural,astarters
1002,neural,tronsedidit
1003,neural,ormaddia
1004,neural,chands
1005,neural,alle
1006,neural,woner
1007,neural,alloordiaredid
1008,neural,ityediatelys
1009,neural,telf
1010,neural,ime
1011,neural,idessind
1012,neural,alighad
1013,neural,exer
1014,neural,ord
1015,neural,wity
1016,neural,womaggiviort
1017,neural,telf
1018,neural,thatioldse
1019,neural,wor
1020,neural,tenchanconsent
1021,neural,huntil
1022,neural,ondidial
1023,neural,orth
1024,neural,tord
1025,neural,tre
1026,neural,whosompoks
1027,neural,treather
1028,neural,ment
1029,neural,whals
1030,neural,areadiddity
1031,neural,aself
1032,neural,triest
1033,neural,trumailende
1034,neural,withang
1035,neural,warstropend
1036,neural,ity
1037,neural,wely
1038,neural,angs
1039,neural,ifir
1040,neural,trues
1041,neural,im
1042,neural,welis
1043,neural,asson
1044,neural,ine
1045,neural,shisent
1046,neural,alindity
1047,neural,andessoulachadde
1048,neural,trumbithan
1049,neural,whent
1050,neural,im
1051,neural,ortattlystared
1052,neural,olligarso
1053,neural,mosentind
1054,neural,maingste
1055,neural,wistarte
1056,neural,toorm
1057,neural,whed
1058,neural,eville
1059,neural,wiled
1060,neural,asso
1061,neural,selfolised
1062,neural,iste
1063,neural,whem
1064,neural,hemagge
1065,neural,wanten
1066,neural,ofeathadidityet
1067,neural,ind
1068,neural,arst
1069,neural,wher
1070,neural,compasicen
1071,neural,tragner
1072,neural,idisce
1073,neural,idenes
1074,neural,wouggle
1075,neural,sarsoun
1076,neural,ancortilese
1077,neural,immares
1078,neural,hosidd
1079,neural,asend
1080,neural,onereatioded
1081,neural,wistaiddidd
1082,neural,welfon
1083,neural,tairs
1084,neural,immortel
1085,neural,filined
1086,neural,woun
1087,neural,imaing
1088,neural,wordit
1089,neural,ime
1090,neural,tatines
1091,neural,wil
1092,neural,wilingent
1093,neural,wholds
1094,neural,sartaim
1095,neural,wiself
1096,neural,blook
1097,neural,movid
1098,neural,shedithery
1099,neural,wery
1100,neural,somes
1101,neural,taim
1102,neural,alstile
1103,neural,orthad
1104,neural,husholder
1105,neural,sedit
1106,neural,istreat
1107,neural,trit
1108,neural,shimpardesen
1109,neural,imaded
1110,neural,areardishat
1111,neural,oliged
1112,neural,ind
1113,neural,ithe
1114,neural,alinded
1115,neural,iders
1116,neural,tragavel
1117,neural,somplys
1118,neural,toomed
1119,neural,tarself
1120,neural,tersed
1121,neural,oul
1122,neural,wisened
1123,neural,stelied
1124,neural,imprantellight
1125,neural,intowed
1126,neural,woug
1127,neural,tenes
1128,neural,anto
1129,neural,strumes
1130,neural,bookends
1131,neural,thathimmor
1132,neural,aren
1133,neural,impench
1134,neural,thavid
1135,neural,thalm
1136,neural,tonewe
1137,neural,tondiscragenewatters
1138,neural,tooks
1139,neural,ime
1140,neural,hed
1141,neural,winerys
1142,neural,iten
1143,neural,wattath
1144,neural,hosoustaided
1145,neural,hushil
1146,neural,treately
1147,neural,ard
1148,neural,tairs
1149,neural,mes
1150,neural,areamportedity
1151,neural,tenticialitsicangs
1152,neural,winediarents
1153,neural,tronery
1154,neural,mords
1155,neural,ol
1156,neural,wellys
1157,neural,exch
1158,neural,iscrommard
1159,neural,thad
1160,neural,exin
1161,neural,catery
1162,neural,wor
1163,neural,wanto
1164,neural,mylly
1165,neural,ortallie
1166,neural,onese
1167,neural,onds
1168,neural,telf
1169,neural,ithow
1170,neural,evind
1171,neural,ised
1172,neural,bormortal
1173,neural,stelige
1174,neural,sely
1175,neural,wanger
1176,neural,ishery
1177,neural,milloval
1178,neural,ards
1179,neural,evo
1180,neural,sel
1181,neural,somairst
1182,neural,angery
1183,neural,wougcamprin
1184,neural,tralisho
1185,neural,wedined
1186,neural,artilithad
1187,neural,tatimed
1188,neural,ortiolied
1189,neural,hedis
1190,neural,ingettow
1191,neural,antowned
1192,neural,sticia
1193,neural,migarticinged
1194,neural,wil
1195,neural,oness
1196,neural,oliedid
1197,neural,iseed
1198,neural,thosid
1199,neural,taintiordingstate
1200,neural,townes
1201,neural,hoso
1202,neural,ants
1203,neural,tarstan
1204,neural,oren
1205,neural,iscoughts
1206,neural,wers
1207,neural,ollis
1208,neural,himaimporeamis
1209,neural,toomantinest
1210,neural,ind
1211,neural,tronsidiner
1212,neural,antilly
1213,neural,ter
1214,neural,ouget
1215,neural,bulder
1216,neural,welintook
1217,neural,ardith
1218,neural,aseembitenchad
1219,neural,ongstalme
1220,neural,wil
1221,neural,ased
1222,neural,extlow
1223,neural,trigh
1224,neural,hichosiddia
1225,neural,mithompereate
1226,neural,oused
1227,neural,selisely
1228,neural,woursonew
1229,neural,mosso
1230,neural,mige
1231,neural,sonsididided
1232,sequence,madd
1233,sequence,proul
1234,sequence,godeaso
1235,sequence,bact
1236,sequence,bratmom
1237,sequence,halin
1238,sequence,winctoody
1239,sequence,magoo
1240,sequence,musto
1241,sequence,unt
1242,sequence,ind
1243,sequence,ingstables
1244,sequence,thours
1245,sequence,ch
1246,sequence,los
1247,sequence,feverege
1248,sequence,trals
1249,sequence,salonvery
1250,sequence,morness
1251,sequence,inalf
1252,sequence,solemome
1253,sequence,sto
1254,sequence,tained
1255,sequence,awit
1256,sequence,suppirequellegight
1257,sequence,musight
1258,sequence,earp
1259,sequence,thert
1260,sequence,ner
1261,sequence,bracturried
1262,sequence,garemon
1263,sequence,togno
1264,sequence,tond
1265,sequence,thavergatily
1266,sequence,pe
1267,sequence,fich
1268,sequence,inge
1269,sequence,otion
1270,sequence,atencts
1271,sequence,dusubjectishat
1272,sequence,ch
1273,sequence,anits
1274,sequence,linto
1275,sequence,marthe
1276,sequence,ed
1277,sequence,theamp
1278,sequence,postingent
1279,sequence,upose
1280,sequence,agual
1281,sequence,anat
1282,sequence,homand
1283,sequence,ve
1284,sequence,sem
1285,sequence,itin
1286,sequence,ely
1287,sequence,por
1288,sequence,hathence
1289,sequence,ific
1290,sequence,crom
1291,sequence,sored
1292,sequence,deng
1293,sequence,testred
1294,sequence,lixts
1295,sequence,vince
1296,sequence,pre
1297,sequence,whichich
1298,sequence,aftely
1299,sequence,youghtly
1300,sequence,friss
1301,sequence,hoaterd
1302,sequence,whichilded
1303,sequence,upiek
1304,sequence,des
1305,sequence,wout
1306,sequence,bootteatifis
1307,sequence,hinind
1308,sequence,ther
1309,sequence,foungto
1310,sequence,fre
1311,sequence,afen
1312,sequence,cievermaccor
1313,sequence,arnal
1314,sequence,norwardy
1315,sequence,pressionchareed
1316,sequence,sto
1317,sequence,thic
1318,sequence,wity
1319,sequence,exprow
1320,sequence,pentris
1321,sequence,ch
1322,sequence,nefung
1323,sequence,duche
1324,sequence,oxionsad
1325,sequence,chiptigh
1326,sequence,withatiffeland
1327,sequence,priveriall
1328,sequence,hady
1329,sequence,taind
1330,sequence,fordle
1331,sequence,ang
1332,sequence,que
1333,sequence,promed
1334,sequence,whound
1335,sequence,spon
1336,sequence,briveget
1337,sequence,boug
1338,sequence,whiloond
1339,sequence,irsead
1340,sequence,blivigh
1341,sequence,reepted
1342,sequence,obt
1343,sequence,derdis
1344,sequence,lenothers
1345,sequence,blaccum
1346,sequence,carticas
1347,sequence,mandistrion
1348,sequence,gaildres
1349,sequence,blesse
1350,sequence,marte
1351,sequence,sagusney
1352,sequence,froat
1353,sequence,inis
1354,sequence,nothat
1355,sequence,youlth
1356,sequence,sounk
1357,sequence,andieflethimor
1358,sequence,bect
1359,sequence,dithe
1360,sequence,faremen
1361,sequence,morst
1362,sequence,evercithich
1363,sequence,haticips
1364,sequence,hameakingle
1365,sequence,ageser
1366,sequence,dailming
1367,sequence,sellontly
1368,sequence,ung
1369,sequence,theagentan
1370,sequence,possuchilivesessice
1371,sequence,ment
1372,sequence,wiling
1373,sequence,upeopuld
1374,sequence,hushicat
1375,sequence,jah
1376,sequence,wheed
1377,sequence,ited
1378,sequence,speaseme
1379,sequence,theldin
1380,sequence,andingend
1381,sequence,ishe
1382,sequence,therst
1383,sequence,irdom
1384,sequence,dreabrom
1385,sequence,hucie
1386,sequence,ot
1387,sequence,bouthere
1388,sequence,triagot
1389,sequence,indere
1390,sequence,yound
1391,sequence,yould
1392,sequence,ouresece
1393,sequence,cated
1394,sequence,elubble
1395,sequence,hicher
1396,sequence,wity
1397,sequence,dings
1398,sequence,thery
1399,sequence,deouted
1400,sequence,maked
1401,sequence,swaliethaps
1402,sequence,ceme
1403,sequence,pich
1404,sequence,soll
1405,sequence,hescot
1406,sequence,wor
1407,sequence,cred
1408,sequence,butere
1409,sequence,peertmoushe
1410,sequence,hich
1411,sequence,whis
1412,sequence,summeave
1413,sequence,althe
1414,sequence,livere
1415,sequence,loweed
1416,sequence,melisk
1417,sequence,thabowes
1418,sequence,thous
1419,sequence,expecomene
1420,sequence,cre
1421,sequence,le
1422,sequence,nou
1423,sequence,inerehost
1424,sequence,ard
1425,sequence,strabay
1426,sequence,thating
1427,sequence,gle
1428,sequence,lins
1429,sequence,dien
1430,sequence,fes
1431,sequence,alook
1432,sequence,crinat
1433,sequence,frompe
1434,sequence,oced
1435,sequence,gand
1436,sequence,alth
1437,sequence,shordley
1438,sequence,nown
1439,sequence,fifte
1440,sequence,mom
1441,sequence,hous
1442,sequence,larst
1443,sequence,carendualled
1444,sequence,conighty
1445,sequence,breackclaws
1446,sequence,haing
1447,sequence,powe
1448,sequence,fithommorturibeem
1449,sequence,yethe
1450,sequence,poicieningurked
1451,sequence,eand
1452,sequence,lowescoment
1453,sequence,huttes
1454,sequence,tragiva
1455,sequence,factiody
1456,sequence,ext
1457,sequence,oneed
1458,sequence,acks
1459,sequence,yought
1460,sequence,und
1461,sequence,gods
1462,sequence,thatea
1463,sequence,ity
1464,sequence,soccur
1465,sequence,muce
1466,sequence,vild
1467,sequence,hills
1468,sequence,oritly
1469,sequence,haped
1470,sequence,whown
1471,sequence,bety
1472,sequence,risint
1473,sequence,newer
1474,sequence,beephe
1475,sequence,posidection
1476,sequence,himall
1477,sequence,ith
1478,sequence,menseemend
1479,sequence,com
1480,sequence,dated
1481,sequence,dify
1482,sequence,gle
1483,sequence,wincomplin
1484,sequence,oned
1485,sequence,afertiver
1486,sequence,sailaits
1487,sequence,cathat
1488,sequence,proareato
1489,sequence,epen
1490,sequence,rof
1491,sequence,com
1492,sequence,buthunit
1493,sequence,enox
1494,sequence,achave
1495,sequence,mespondy
1496,sequence,iterwake
1497,sequence,forsend
1498,sequence,thads
1499,sequence,ithe
1500,sequence,therly
1501,sequence,lieurs
1502,sequence,ends
1503,sequence,syst
1504,sequence,tows
1505,sequence,everishen
1506,sequence,formad
1507,sequence,isions
1508,sequence,awas
1509,sequence,froathe
1510,sequence,samosed
1511,sequence,therissis
1512,sequence,inot
1513,sequence,propertione
1514,sequence,camerights
1515,sequence,scurt
1516,sequence,ecith
1517,sequence,crues
1518,sequence,ond
1519,sequence,som
1520,sequence,ral
1521,sequence,thichat
1522,sequence,ity
1523,sequence,ang
1524,sequence,standmend
1525,sequence,aff
1526,sequence,les
1527,sequence,thretatualat
1528,sequence,whicusearsespectillut
1529,sequence,usleat
1530,sequence,akink
1531,sequence,le
1532,sequence,valrews
1533,sequence,thad
1534,sequence,improphoull
1535,sequence,onshme
1536,sequence,ther
1537,sequence,facred
1538,sequence,mitericam
1539,sequence,thariviold
1540,sequence,plart
1541,sequence,ved
1542,sequence,ang
1543,sequence,angrand
1544,sequence,stly
1545,sequence,attle
1546,sequence,thoorthe
1547,sequence,stiam
1548,sequence,ance
1549,sequence,gratainincelit
1550,sequence,teleged
1551,sequence,thfus
1552,sequence,afenal
1553,sequence,happarne
1554,sequence,ithat
1555,sequence,giringthised
1556,sequence,alguilsone
1557,sequence,ity
1558,sequence,poo
1559,sequence,sperew
1560,sequence,yough
1561,sequence,spis
1562,sequence,wor
1563,sequence,warld
1564,sequence,thead
1565,sequence,eated
1566,sequence,agarde
1567,sequence,ider
1568,sequence,hoserst
1569,sequence,eanding
1570,sequence,paseopicat
1571,sequence,ands
1572,sequence,thele
1573,sequence,le
1574,sequence,daywhouthers
1575,sequence,intere
1576,sequence,upoird
1577,sequence,hime
1578,sequence,camrs
1579,sequence,befrower
1580,sequence,remetwin
1581,sequence,med
1582,sequence,whiste
1583,sequence,stanke
1584,sequence,alch
1585,sequence,gou
1586,sequence,wayet
1587,sequence,whe
1588,sequence,susiblamorethead
1589,sequence,woory
1590,sequence,ung
1591,sequence,lippose
1592,sequence,hich
1593,sequence,hadis
1594,sequence,mous
1595,sequence,forwas
1596,sequence,sto
1597,sequence,crepagared
1598,sequence,saind
1599,sequence,ke
1600,sequence,thadmatere
1601,sequence,thathe
1602,sequence,berid
1603,sequence,swes
1604,sequence,ithent
1605,sequence,whis
1606,sequence,alta
1607,sequence,thad
1608,sequence,palovently
1609,sequence,ong
1610,sequence,sters
1611,sequence,jusencides
1612,sequence,beemeath
1613,sequence,jus
1614,sequence,heyessibly
1615,sequence,mighbor
1616,sequence,goider
1617,sequence,bre
1618,sequence,gly
1619,sequence,lecte
1620,sequence,arts
1621,sequence,frompecouddeariarmilecoulted
1622,sequence,hors
1623,sequence,monly
1624,sequence,amigy
1625,sequence,thaded
1626,sequence,ins
1627,sequence,comillems
1628,sequence,oure
1629,sequence,anin
1630,sequence,mis
1631,sequence,antiong
1632,sequence,waympong
1633,sequence,whery
1634,sequence,thand
1635,sequence,anand
1636,sequence,bento
1637,sequence,thisceir
1638,sequence,med
1639,sequence,andiand
1640,sequence,tas
1641,sequence,witairs
1642,sequence,nity
1643,sequence,miried
1644,sequence,fliket
1645,sequence,earmea
1646,sequence,thadeeme
1647,sequence,nothe
1648,sequence,campatteryphy
1649,sequence,cratental
1650,sequence,thavotwoungley
1651,sequence,comention
1652,sequence,tharn
1653,sequence,becrieftemand
1654,sequence,hise
1655,sequence,ence
1656,sequence,pre
1657,sequence,youghts
1658,sequence,anithe
1659,sequence,le
1660,sequence,fernie
1661,sequence,terim
1662,sequence,pre
1663,sequence,truchopecancing
1664,sequence,magover
1665,sequence,inall
1666,sequence,ble
1667,sequence,pathernery
1668,sequence,haution
1669,sequence,vreas
1670,sequence,gress
1671,sequence,sau
1672,sequence,cout
1673,sequence,butong
1674,sequence,deckne
1675,sequence,laregrach
1676,sequence,thal
1677,sequence,ses
1678,sequence,clifilegaboostat
1679,sequence,whican
1680,sequence,frox
1681,sequence,witimall
1682,sequence,twoung
1683,sequence,daysem
1684,sequence,andow
1685,sequence,gened
1686,sequence,sto
1687,sequence,ded
1688,sequence,supold
1689,sequence,ned
1690,sequence,ain
1691,sequence,ontir
1692,sequence,fecte
1693,sequence,buted
1694,sequence,ance
1695,sequence,undont
1696,sequence,coment
1697,sequence,fieve
1698,sequence,wandego
1699,sequence,shings
1700,sequence,dispen
1701,sequence,welle
1702,sequence,aticke
1703,sequence,ve
1704,sequence,abland
1705,sequence,onspire
1706,sequence,poodep
1707,sequence,afterst
1708,sequence,wormighat
1709,sequence,antall
1710,sequence,froverous
1711,sequence,beir
1712,sequence,expecoccon
1713,sequence,aftented
1714,sequence,throusassionsand
1715,sequence,daysee
1716,sequence,upoloom
1717,sequence,inforthartentalosibly
1718,sequence,oughthilty
1719,sequence,lon
1720,sequence,scourstrink
1721,sequence,thown
1722,sequence,derver
1723,sequence,ract
1724,sequence,youghtelf
1725,sequence,glosmayst
1726,sequence,things
1727,sequence,iscuty
1728,sequence,siognall
1729,sequence,rechmers
1730,sequence,ve
1731,sequence,anymoneetang
1732,sequence,ifit
1733,sequence,foode
1734,sequence,coresch
1735,sequence,sprepere
1736,sequence,itsivioulcome
1737,sequence,brumpled
1738,sequence,unly
1739,sequence,ble
1740,sequence,des
1741,sequence,eare
1742,sequence,stsed
1743,sequence,onisenotiatencears
1744,sequence,inglithe
1745,sequence,ot
1746,sequence,anits
1747,sequence,intobe
1748,sequence,nalme
1749,sequence,befe
1750,sequence,aspillenown
1751,sequence,whersickly
1752,sequence,yough
1753,sequence,thinciphy
1754,sequence,fregromy
1755,sequence,havaderibleceemple
1756,sequence,ind
1757,sequence,nown
1758,sequence,watter
1759,sequence,pris
1760,sequence,arteme
1761,sequence,lighte
1762,sequence,thinkno
1763,sequence,hany
1764,sequence,exhien
1765,sequence,ple
1766,sequence,saderablant
1767,sequence,appre
1768,sequence,withend
1769,sequence,vabs
1770,sequence,lirep
1771,sequence,courina
1772,sequence,gacips
1773,sequence,cleass
1774,sequence,sufferid
1775,sequence,tonsping
1776,sequence,med
1777,sequence,wores
1778,sequence,sposummoreve
1779,sequence,dambeen
1780,sequence,abot
1781,sequence,frof
1782,sequence,ance
1783,sequence,aguarges
1784,sequence,moich
1785,sequence,nich
1786,sequence,crailiken
1787,sequence,acent
1788,sequence,therect
1789,sequence,fantestain
1790,sequence,lur
1791,sequence,monerflopeste
1792,sequence,thiche
1793,sequence,suceng
1794,sequence,cationly
1795,sequence,chis
1796,sequence,innivids
1797,sequence,fouggems
1798,sequence,durbitit
1799,sequence,sainconest
1800,sequence,nobbars
1801,sequence,ther
1802,sequence,waread
1803,sequence,whorearcuse
1804,sequence,parectenmency
1805,sequence,ind
1806,sequence,byse
1807,sequence,featerseto
1808,sequence,stessacted
1809,sequence,caugs
1810,sequence,rele
1811,sequence,whostin
1812,sequence,pingetainintery
1813,sequence,hicinfusionot
1814,sequence,periontershourept
1815,sequence,inged
1816,sequence,camillighouravoloo
1817,sequence,samind
1818,sequence,shabod
1819,sequence,rell
1820,sequence,adren
1821,sequence,smated
1822,sequence,disless
1823,sequence,whire
1824,sequence,enting
1825,sequence,mands
1826,sequence,im
1827,sequence,uptip
1828,sequence,woulove
1829,sequence,couggland
1830,sequence,fres
1831,sequence,thand
1832,sequence,ould
1833,sequence,migh
1834,sequence,rearre
1835,sequence,ous
1836,sequence,nown
1837,sequence,awas
1838,sequence,rome
1839,sequence,combrimed
1840,sequence,nom
1841,sequence,hor
1842,sequence,ininglont
1843,sequence,discogglip
1844,sequence,intaradeouland
1845,sequence,lach
1846,sequence,moneseal
1847,sequence,muselloyin
1848,sequence,crut
1849,sequence,eak
1850,sequence,feeks
1851,sequence,wery
1852,sequence,troseastake
1853,sequence,ouprovered
1854,sequence,opersert
1855,sequence,ine
1856,sequence,ance
1857,sequence,insiond
1858,sequence,gorne
1859,sequence,uncer
1860,sequence,ditherstry
1861,sequence,thignargrehe
1862,sequence,fainight
1863,sequence,uponst
1864,sequence,mosquireweedien
1865,sequence,cumad
1866,sequence,len
1867,sequence,ciew
1868,sequence,ineavoth
1869,sequence,thris
1870,sequence,elon
1871,sequence,thartim
1872,sequence,whow
1873,sequence,marthe
1874,sequence,whis
1875,sequence,sposent
1876,sequence,toget
1877,sequence,whe
1878,sequence,und
1879,sequence,beger
1880,sequence,mearbes
1881,sequence,nothe
1882,sequence,sed
1883,sequence,swovey
1884,sequence,faccong
1885,sequence,gling
1886,sequence,scrato
1887,sequence,remattrien
1888,sequence,bodde
1889,sequence,buter
1890,sequence,taidepich
1891,sequence,warrembary
1892,sequence,disly
1893,sequence,dies
1894,sequence,tham
1895,sequence,thust
1896,sequence,nin
1897,sequence,ine
1898,sequence,ver
1899,sequence,sucke
1900,sequence,shadnigning
1901,sequence,hessingle
1902,sequence,whe
1903,sequence,pring
1904,sequence,stilse
1905,sequence,expecteliff
1906,sequence,tud
1907,sequence,shoreves
1908,sequence,stimentine
1909,sequence,atenst
1910,sequence,ity
1911,sequence,wards
1912,sequence,thers
1913,sequence,exhips
1914,sequence,fours
1915,sequence,ocks
1916,sequence,buit
1917,sequence,thomphad
1918,sequence,gragreiver
1919,sequence,racensiderd
1920,sequence,pircurinuty
1921,sequence,bearseithe
1922,sequence,ve
1923,sequence,wilen
1924,sequence,hisgrost
1925,sequence,pas
1926,sequence,upow
1927,sequence,huremorm
1928,sequence,thery
1929,sequence,mabods
1930,sequence,thatenexpled
1931,sequence,ency
1932,sequence,whe
1933,sequence,beced
1934,sequence,frould
1935,sequence,theyoudings
1936,sequence,seld
1937,sequence,coozurs
1938,sequence,insup
1939,sequence,les
1940,sequence,orrit
1941,sequence,mucks
1942,sequence,mosecrene
1943,sequence,que
1944,sequence,ong
1945,sequence,onefortan
1946,sequence,thestricheially
1947,sequence,wents
1948,sequence,hisercurs
1949,sequence,fland
1950,sequence,mins
1951,sequence,dy
1952,sequence,parlach
1953,sequence,nover
1954,sequence,reandken
1955,sequence,destainnet
1956,sequence,pidern
1957,sequence,thery
1958,sequence,forringur
1959,sequence,ther
1960,sequence,tininne
1961,sequence,iread
1962,sequence,thentown
1963,sequence,thre
1964,sequence,subtally
1965,sequence,lignateretiontic
1966,sequence,esibearight
1967,sequence,amessen
1968,sequence,bled
1969,sequence,shroperve
1970,sequence,jusiting
1971,sequence,dord
1972,sequence,ifear
1973,sequence,trithe
1974,sequence,thaveherecally
1975,sequence,becelf
1976,sequence,sto
1977,sequence,pe
1978,sequence,rened
1979,sequence,thal
1980,sequence,ningred
1981,sequence,brom
1982,sequence,thancy
1983,sequence,frop
1984,sequence,dard
1985,sequence,dithemor
1986,sequence,mented
1987,sequence,thend
1988,sequence,handown
1989,sequence,oling
1990,sequence,thearster
1991,sequence,momazz
1992,sequence,remockingess
1993,sequence,faing
1994,sequence,feeme
1995,sequence,shumberther
1996,sequence,wory
1997,sequence,jought
1998,sequence,chers
1999,sequence,ould
2000,sequence,antmor
2001,sequence,trouland
2002,sequence,weremeraves
2003,sequence,nalls
2004,sequence,ch
2005,sequence,majeclut
2006,sequence,beizabriusly
2007,sequence,anditch
2008,sequence,bugh
2009,sequence,unexpearty
2010,sequence,thoperit
2011,sequence,offunt
2012,sequence,eur
2013,sequence,ths
2014,sequence,revic
2015,sequence,aus
2016,sequence,fingester
2017,sequence,cife
2018,sequence,maincery
2019,sequence,agension
2020,sequence,sund
2021,sequence,famend
2022,sequence,groc
2023,sequence,muchouty
2024,sequence,puldeoureplas
2025,sequence,cont
2026,sequence,camed
2027,sequence,deadint
2028,sequence,worech
2029,sequence,gilload
2030,sequence,latte
2031,sequence,bew
2032,sequence,ony
2033,sequence,belige
2034,sequence,atic
2035,sequence,whousescifect
2036,sequence,ty
2037,sequence,whimersesery
2038,sequence,yout
2039,sequence,rounday
2040,sequence,whopear
2041,sequence,docireelay
2042,sequence,iffecroones
2043,sequence,appes
2044,sequence,readly
2045,sequence,souratigirly
2046,sequence,coursphathe
2047,sequence,fropeas
2048,sequence,therproughtfutuoureems
2049,sequence,viout
2050,sequence,exceep
2051,sequence,iny
2052,sequence,brold
2053,sequence,tilet
2054,sequence,docklir
2055,sequence,whis
2056,sequence,agueb
2057,sequence,ancerfrom
2058,sequence,sne
2059,sequence,yehilmeak
2060,sequence,cron
2061,sequence,res
2062,sequence,oreget
2063,sequence,liquall
2064,sequence,aciessible
2065,sequence,des
2066,sequence,bared
2067,sequence,aborneretark
2068,sequence,itte
2069,sequence,abid
2070,sequence,ifeethe
2071,sequence,whou
2072,sequence,thatingtheyes
2073,sequence,tionts
2074,sequence,mans
2075,sequence,gazzed
2076,sequence,thichave
2077,sequence,combeethe
2078,sequence,isce
2079,sequence,wortioncy
2080,sequence,lidentereards
2081,sequence,ent
2082,sequence,betilled
2083,sequence,ithean
2084,sequence,succe
2085,sequence,priew
2086,sequence,wou
2087,sequence,beend
2088,sequence,syme
2089,sequence,porrif
2090,sequence,univeret
2091,sequence,poin
2092,sequence,vinsur
2093,sequence,inglibbiz
2094,sequence,ven
2095,sequence,objecten
2096,sequence,suffind
2097,sequence,cout
2098,sequence,thess
2099,sequence,andubjectived
2100,sequence,theng
2101,sequence,whis
2102,sequence,whe
2103,sequence,emad
2104,sequence,gaimang
2105,sequence,theameadower
2106,sequence,yonatup
2107,sequence,holux
2108,sequence,noung
2109,sequence,pord
2110,sequence,oreave
2111,sequence,ack
2112,sequence,aneforrove
2113,sequence,wasimay
2114,sequence,yeare
2115,sequence,fors
2116,sequence,membe
2117,sequence,ins
2118,sequence,louddis
2119,sequence,hadman
2120,sequence,hime
2121,sequence,ments
2122,sequence,noth
2123,sequence,ning
2124,sequence,usidiumad
2125,sequence,thead
2126,sequence,almois
2127,sequence,accurred
2128,sequence,querriess
2129,sequence,wittle
2130,sequence,thad
2131,sequence,dersentrelinge
2132,sequence,aneandent
2133,sequence,kneamones
2134,sequence,ittimpok
2135,sequence,yousterstfor
2136,sequence,thateld
2137,sequence,ony
2138,sequence,nothe
2139,sequence,aided
2140,sequence,dupoptur
2141,sequence,atioutedo
2142,sequence,expeateressudderappichavoin
2143,sequence,uple
2144,sequence,mase
2145,sequence,hicatione
2146,sequence,mom
2147,sequence,rawly
2148,sequence,comiand
2149,sequence,invisompad
2150,sequence,papeetance
2151,sequence,loult
2152,sequence,gruged
2153,sequence,rem
2154,sequence,printiourly
2155,sequence,calift
2156,sequence,wass
2157,sequence,wasmaked
2158,sequence,rome
2159,sequence,ithimeniond
2160,sequence,cuty
2161,sequence,eragoome
2162,sequence,wercurn
2163,sequence,maing
2164,sequence,argereen
2165,sequence,fromphe
2166,sequence,hation
2167,sequence,hiciews
2168,sequence,cul
2169,sequence,blaken
2170,sequence,fron
2171,sequence,ang
2172,sequence,butich
2173,sequence,entale
2174,sequence,migniard
2175,sequence,ittem
2176,sequence,beit
2177,sequence,onis
2178,sequence,anniumblet
2179,sequence,framandoutt
2180,sequence,thoed
2181,sequence,unknowanque
2182,sequence,le
2183,sequence,bently
2184,sequence,wity
2185,sequence,maguiretter
2186,sequence,pubt
2187,sequence,thatimerin
2188,sequence,der
2189,sequence,puffinares
2190,sequence,goir
2191,sequence,bruffel
2192,sequence,wor
2193,sequence,curinfulto
2194,sequence,preat
2195,sequence,vathe
2196,sequence,rept
2197,sequence,liginvits
2198,sequence,inating
2199,sequence,theare
2200,sequence,lont
2201,sequence,andentmargave
2202,sequence,twoung
2203,sequence,theranced
2204,sequence,thersenjoyagre
2205,sequence,theaknoureverver
2206,sequence,poic
2207,sequence,hein
2208,sequence,dreeme
2209,sequence,grive
2210,sequence,cibled
2211,sequence,thereaccame
2212,sequence,anot
2213,sequence,dy
2214,sequence,ithed
2215,sequence,int
2216,sequence,oupow
2217,sequence,inkse
2218,sequence,worecandessat
2219,sequence,dria
2220,sequence,est
2221,sequence,thearm
2222,sequence,ats
2223,sequence,theyoulthe
2224,sequence,hed
2225,sequence,buttent
2226,sequence,andeat
2227,sequence,reposse
2228,sequence,ther
2229,sequence,biligh
2230,sequence,ence
2231,sequence,imil
2232,sequence,rearrew
2233,sequence,ciout
2234,sequence,hiniatent
2235,sequence,sprelly
2236,sequence,strainablianded
2237,sequence,fuld
2238,sequence,himal
2239,sequence,knothe
2240,sequence,hopecters
2241,sequence,imits
2242,sequence,pas
2243,sequence,indemake
2244,sequence,rin
2245,sequence,thostimps
2246,sequence,smages
2247,sequence,ther
2248,sequence,glefor
2249,sequence,sained
2250,sequence,ouregile
2251,sequence,pelto
2252,sequence,whoure
2253,sequence,dishot
2254,sequence,abough
2255,sequence,maing
2256,sequence,iterhatiolled
2257,sequence,suddect
2258,sequence,sto
2259,sequence,emad
2260,sequence,caughted
2261,sequence,ack
2262,sequence,yould
2263,sequence,alatty
2264,sequence,ablind
2265,sequence,murseells
2266,sequence,nobale
2267,sequence,ste
2268,sequence,cals
2269,sequence,lagazy
2270,sequence,voll
2271,sequence,thers
2272,sequence,istles
2273,sequence,pre
2274,sequence,wifty
2275,sequence,lovaused
2276,sequence,taines
2277,sequence,appieve
2278,sequence,prom
2279,sequence,thathe
2280,sequence,amed
2281,sequence,pette
2282,sequence,quithe
2283,sequence,coverwour
2284,sequence,thopea
2285,sequence,moutuch
2286,sequence,persers
2287,sequence,frets
2288,sequence,astions
2289,sequence,ord
2290,sequence,haloness
2291,sequence,poustre
2292,sequence,arigurb
2293,sequence,mazzled
2294,sequence,magan
2295,sequence,curvasione
2296,sequence,doet
2297,sequence,diat
2298,sequence,suffew
2299,sequence,thabey
2300,sequence,aftepost
2301,sequence,afte
2302,sequence,cle
2303,sequence,cithen
2304,sequence,oved
2305,sequence,spandestakin
2306,sequence,muld
2307,sequence,drits
2308,sequence,ancir
2309,sequence,highatand
2310,sequence,nalin
2311,sequence,sposto
2312,sequence,redgerand
2313,sequence,ancearmitchim
2314,sequence,foraing
2315,sequence,mes
2316,sequence,istern
2317,sequence,heard
2318,sequence,impnestake
2319,sequence,ande
2320,sequence,hou
2321,sequence,apenvulask
2322,sequence,wor
2323,sequence,mur
2324,sequence,waked
2325,sequence,afroot
2326,sequence,foultly
2327,sequence,doesely
2328,sequence,le
2329,sequence,wers
2330,sequence,blifich
2331,sequence,ares
2332,sequence,joinficiabod
2333,sequence,fornscoringly
2334,sequence,proveretir
2335,sequence,hilid
2336,sequence,gersolate
2337,sequence,whipow
2338,sequence,extrest
2339,sequence,fait
2340,sequence,prithencle
2341,sequence,wases
2342,sequence,barly
2343,sequence,inger
2344,sequence,hatur
2345,sequence,res
2346,sequence,ficapproresten
2347,sequence,deartemito
2348,sequence,frien
2349,sequence,brencor
2350,sequence,intow
2351,sequence,theake
2352,sequence,oing
2353,sequence,qual
2354,sequence,comple
2355,sequence,hadegir
2356,sequence,roked
2357,sequence,thein
2358,sequence,whe
2359,sequence,hatatiost
2360,sequence,haton
2361,sequence,thed
2362,sequence,wil
2363,sequence,foon
2364,sequence,thery
2365,sequence,paue
2366,sequence,rummought
2367,sequence,ther
2368,sequence,wastran
2369,sequence,houning
2370,sequence,appearot
2371,sequence,uput
2372,sequence,waskitte
2373,sequence,diddled
2374,sequence,yessels
2375,sequence,thisk
2376,sequence,ch
2377,sequence,athiddess
2378,sequence,wits
2379,sequence,frun
2380,sequence,uponewan
2381,sequence,trusuch
2382,sequence,theit
2383,sequence,co
2384,sequence,sheyed
2385,sequence,adis
2386,sequence,gences
2387,sequence,pers
2388,sequence,ationly
2389,sequence,thespenitenthe
2390,sequence,ivaing
2391,sequence,wrogn
2392,sequence,mom
2393,sequence,frompecre
2394,sequence,butended
2395,sequence,nescow
2396,sequence,sus
2397,sequence,orknoistudge
2398,sequence,com
2399,sequence,whic
2400,sequence,som
2401,sequence,ang
2402,sequence,weres
2403,sequence,notheraventicullead
2404,sequence,terety
2405,sequence,sicaugholace
2406,sequence,ther
2407,sequence,ande
2408,sequence,ble
2409,sequence,risfaras
2410,sequence,dreed
2411,sequence,lectin
2412,sequence,whadong
2413,sequence,slude
2414,sequence,rachad
2415,sequence,spinues
2416,sequence,ordis
2417,sequence,foreadver
2418,sequence,hisarinor
2419,sequence,ainge
2420,sequence,res
2421,sequence,spentake
2422,sequence,hemoreauthe
2423,sequence,consur
2424,sequence,fes
2425,sequence,thester
2426,sequence,itin
2427,sequence,ance
2428,sequence,tond
2429,sequence,beft
2430,sequence,vello
2431,sequence,goond
2432,sequence,seng
2433,sequence,int
2434,sequence,nowfulted
2435,sequence,mys
2436,sequence,thouner
2437,sequence,foreent
2438,sequence,batim
2439,sequence,aintionat
2440,sequence,beaspily
2441,sequence,buthad
2442,sequence,youdeshelictib
2443,sequence,onever
2444,sequence,whoned
2445,sequence,flou
2446,sequence,ths
2447,sequence,thaded
2448,sequence,haduress
2449,sequence,rold
2450,sequence,theing
2451,sequence,whe
2452,sequence,parder
2453,sequence,druldre
2454,sequence,sayesso
2455,sequence,beentrablebaceight
2456,sequence,frine
2457,sequence,derearme
2458,sequence,int
2459,sequence,wre
2460,sequence,dester
2461,sequence,anderve
2462,sequence,wased
2463,sequence,tes
2464,sequence,hed
2465,sequence,weires
2466,sequence,ot
2467,sequence,eards
2468,sequence,oll
2469,sequence,peridde
2470,sequence,thes
2471,sequence,ful
2472,sequence,ation
2473,sequence,evente
2474,sequence,mest
2475,sequence,drom
2476,sequence,shart
2477,sequence,ader
2478,sequence,thed
2479,sequence,mintlet
2480,sequence,len
2481,sequence,wought
2482,sequence,oatic
2483,sequence,ind
2484,sequence,crand
2485,sequence,paing
2486,sequence,ther
2487,sequence,constrabbse
2488,sequence,thous
2489,sequence,gaintibland
2490,sequence,uppecall
2491,sequence,ded
2492,sequence,paps
2493,sequence,dideveriestow
2494,sequence,thed
2495,sequence,beeprifives
2496,sequence,surece
2497,sequence,exper
2498,sequence,aninvound
2499,sequence,woulf
2500,sequence,artly
2501,sequence,bourstelifullovery
2502,sequence,guen
2503,sequence,reems
2504,sequence,serrevisaying
2505,sequence,lips
2506,sequence,fuld
2507,sequence,dinten
2508,sequence,makedin
2509,sequence,nottander
2510,sequence,thadinedged
2511,sequence,attelf
2512,sequence,der
2513,sequence,therminds
2514,sequence,ind
2515,sequence,itermy
2516,sequence,yealeasicand
2517,sequence,unly
2518,sequence,hisheld
2519,sequence,hinto
2520,sequence,memblown
2521,sequence,bre
2522,sequence,wits
2523,sequence,somay
2524,sequence,thist
2525,sequence,woutioned
2526,sequence,degredick
2527,sequence,soll
2528,sequence,maind
2529,sequence,obeen
2530,sequence,forthentabot
2531,sequence,ollivernowe
2532,sequence,ofing
2533,sequence,fearand
2534,sequence,wate
2535,sequence,thery
2536,sequence,hads
2537,sequence,baymot
2538,sequence,theiny
2539,sequence,lor
2540,sequence,pearightme
2541,sequence,onveripperch
2542,sequence,comeme
2543,sequence,hencon
2544,sequence,yelwas
2545,sequence,chistus
2546,sequence,properrim
2547,sequence,whoged
2548,sequence,hout
2549,sequence,agunot
2550,sequence,beetted
2551,sequence,seet
2552,sequence,thery
2553,sequence,sheme
2554,sequence,ch
2555,sequence,hempery
2556,sequence,forous
2557,sequence,inselegroremeneturn
2558,sequence,ithand
2559,sequence,thounce
2560,sequence,dre
2561,sequence,prompent
2562,sequence,agention
2563,sequence,sumstreetionswoung
2564,sequence,thatere
2565,sequence,ardese
2566,sequence,reat
2567,sequence,fectakincellarithave
2568,sequence,vad
2569,sequence,harthelen
2570,sequence,antured
2571,sequence,pulonartmettedidd
2572,sequence,thertim
2573,sequence,uturbe
2574,sequence,med
2575,sequence,whicamought
2576,sequence,bil
2577,sequence,yage
2578,sequence,bizardist
2579,sequence,thimme
2580,sequence,thoods
2581,sequence,rods
2582,sequence,succanion
2583,sequence,plancepably
2584,sequence,spers
2585,sequence,trayssuchom
2586,sequence,notime
2587,sequence,meme
2588,sequence,weentanobotiout
2589,sequence,propention
2590,sequence,ve
2591,sequence,hatin
2592,sequence,yourappeld
2593,sequence,alivereame
2594,sequence,zelve
2595,sequence,cein
2596,sequence,sudimestakilenta
2597,sequence,procced
2598,sequence,notioun
2599,sequence,witast
2600,sequence,trand
2601,sequence,whisoon
2602,sequence,hisir
2603,sequence,andy
2604,sequence,coulderwas
2605,sequence,frong
2606,sequence,sout
2607,sequence,coustry
2608,sequence,seenjoy
2609,sequence,fach
2610,sequence,fichavennsiddelern
2611,sequence,witly
2612,sequence,grem
2613,sequence,ch
2614,sequence,oname
2615,sequence,unne
2616,sequence,dizon
2617,sequence,cas
2618,sequence,fle
2619,sequence,thad
2620,sequence,eved
2621,sequence,hispe
2622,sequence,meths
2623,sequence,le
2624,sequence,sions
2625,sequence,reartice
2626,sequence,mispir
2627,sequence,int
2628,sequence,andeso
2629,sequence,areple
2630,sequence,birestrich
2631,sequence,ressid
2632,sequence,ther
2633,sequence,pancest
2634,sequence,siturs
2635,sequence,scruchfouldit
2636,sequence,brevin
2637,sequence,millast
2638,sequence,frep
2639,sequence,whad
2640,sequence,lience
2641,sequence,thould
2642,sequence,estorest
2643,sequence,thed
2644,sequence,mons
2645,sequence,haidwaybe
2646,sequence,noom
2647,sequence,oforld
2648,sequence,wity
2649,sequence,ithe
2650,sequence,pectingrantele
2651,sequence,wassaysenean
2652,sequence,ginut
2653,sequence,alles
2654,sequence,opently
2655,sequence,tweiver
2656,sequence,everwithe
2657,sequence,somy
2658,sequence,ims
2659,sequence,thaticeiva
2660,sequence,yould
2661,sequence,pontilin
2662,sequence,thad
